departamento,region,idc_2025,idc_2026,rank_2025,rank_2026,cambio_pos,instituciones_2025,instituciones_2026,infraestructura_2025,infraestructura_2026,tic_2025,tic_2026,sostenibilidad_2025,sostenibilidad_2026,salud_2025,salud_2026,edu_basica_2025,edu_basica_2026,edu_superior_2025,edu_superior_2026,entorno_negocios_2025,entorno_negocios_2026,mercado_laboral_2025,mercado_laboral_2026,sistema_financiero_2025,sistema_financiero_2026,tamano_mercado_2025,tamano_mercado_2026,sofisticacion_2025,sofisticacion_2026,innovacion_2025,innovacion_2026
"Bogotá, D.C.",Central,8.0392,7.956,1,1,0,8.3708,8.2371,8.1948,7.972,8.9533,8.8304,5.2481,5.391,8.2506,8.3095,8.1178,8.2709,7.568,6.9163,9.3238,9.7617,8.0846,8.3176,8.7773,8.9331,8.5704,8.4452,9.2132,8.9587,5.8365,5.0848
Antioquia,Eje cafetero y Antioquia,6.8033,6.9049,2,2,0,6.644,6.9009,5.289,5.1731,7.0861,7.3064,5.651,5.9536,8.0593,7.8781,7.0109,7.1785,5.8846,6.045,7.1164,7.5349,7.6101,7.7769,6.8221,7.0377,7.8786,7.808,8.6588,8.7731,4.7319,4.3971
Valle del Cauca,Pacífico,6.2906,6.4269,3,3,0,7.0066,7.3424,5.358,5.2977,5.9039,6.1675,4.9407,5.0941,7.9038,7.8771,6.2324,6.5087,5.3134,5.3754,7.1561,6.959,6.789,7.1823,4.5829,4.9213,7.2341,7.2112,9.6909,9.6106,3.6655,4.0028
Risaralda,Eje cafetero y Antioquia,6.2024,6.3548,5,4,1,6.5713,6.8644,4.6148,4.4064,6.9468,7.803,4.25,4.4714,7.7177,7.5123,7.3658,7.3713,5.1831,5.5195,6.2625,6.7624,7.4696,7.5926,4.8864,5.1829,6.0039,6.0604,8.9315,8.9697,4.4276,4.0957
Santander,Santanderes,6.2794,6.3197,4,5,-1,5.5654,5.8042,5.3437,4.96,6.1109,6.318,5.9656,6.0857,7.8773,7.8686,8.3597,8.4989,6.0718,6.1483,6.1646,6.0877,6.8486,6.9915,4.1803,4.4323,6.4438,6.4123,8.5777,9.0392,4.1225,3.5091
Atlántico,Caribe,6.0945,6.2231,7,6,1,5.9916,6.2683,5.7939,5.9592,6.0124,6.2597,3.5523,2.6998,7.7428,7.727,7.4686,7.4073,5.4768,5.7292,6.5755,7.9931,6.0901,6.4521,5.0755,5.3059,7.0391,6.9336,8.8932,8.8124,3.5165,3.3528
Cundinamarca,Central,6.1253,6.1368,6,7,-1,7.2215,7.2423,5.7126,5.4083,4.9768,5.4442,6.0389,5.8145,6.4667,6.3392,7.7302,7.7619,4.729,5.1638,6.5403,6.279,7.7662,7.7856,2.8963,3.0863,7.3321,7.2554,9.3515,9.1532,2.8666,3.0448
Caldas,Eje cafetero y Antioquia,6.0383,6.021,8,8,0,6.0712,6.2628,5.5652,5.423,6.8573,7.5125,4.4166,4.5245,7.4557,7.4682,6.8289,6.8968,5.7029,5.213,5.364,5.6957,7.5417,7.5559,4.0624,4.2091,5.9536,5.9732,8.697,7.9028,3.9813,3.6361
Quindío,Eje cafetero y Antioquia,5.8548,5.9924,9,9,0,6.8187,6.5288,5.5965,5.3959,5.695,6.4856,4.0064,4.2689,7.4332,7.6855,8.2818,8.434,5.5094,5.4864,5.7552,6.1747,6.8503,6.7859,4.3642,4.5914,5.183,5.1951,5.5513,5.7171,5.0678,5.1512
Boyacá,Central,5.759,5.7898,10,10,0,5.537,5.7554,6.9541,6.6535,6.3181,6.4373,5.5819,5.6052,7.0901,7.3513,8.7748,8.7287,5.4901,5.4115,4.809,4.6012,6.0965,6.2279,3.6766,3.9964,5.7822,5.7906,5.6603,5.5867,3.0964,3.122
Bolívar,Caribe,5.4522,5.6051,12,11,1,5.243,5.986,5.0593,5.1355,4.4518,4.605,5.2092,5.2156,6.7115,6.5903,6.4808,6.5282,4.6313,4.876,5.3695,6.3615,5.2739,5.3875,3.2328,3.3428,7.356,7.1969,9.3018,9.2418,2.5578,2.3998
Tolima,Central,5.5763,5.543,11,12,-1,5.1601,5.405,5.3534,5.3059,5.5643,5.9767,5.5494,5.5243,7.2104,7.0714,7.5495,7.6705,4.4952,4.7487,5.1885,5.0708,6.0706,6.2443,4.0232,4.375,5.3173,5.445,7.7611,6.429,3.2488,2.7922
Norte de Santander,Santanderes,5.3188,5.3881,14,13,1,5.5467,5.628,5.2941,5.237,5.1835,5.6185,3.5621,4.0938,6.5309,6.5835,7.5174,7.6941,4.4563,4.4453,5.1463,4.6054,4.9636,5.0988,4.1406,4.2467,5.7711,5.7659,8.4146,8.4347,2.6176,2.5933
Huila,Central,5.2161,5.216,15,14,1,5.2041,5.7069,5.8053,5.4485,4.6382,4.8854,4.7021,4.2661,7.3943,7.1433,7.7875,7.8264,3.6105,3.6771,4.3624,4.9444,5.523,5.3435,5.084,5.1453,5.6401,5.7841,5.4903,5.22,2.5671,2.4165
Archipiélago de San Andrés,Seaflower Region,5.3312,5.1733,13,15,-2,5.278,5.23,4.203,4.019,4.0354,4.4674,4.8242,4.7679,8.2269,8.1021,6.9203,6.8552,4.6838,4.9455,6.6836,6.5161,8.6908,8.6768,5.0594,4.754,3.0828,2.9913,5.8141,4.1733,1.8034,1.7544
Meta,Llanos-Orinoquía,5.0198,5.0776,17,16,1,5.5429,5.901,4.876,4.7602,4.4883,4.5662,4.57,3.9684,6.7651,6.7046,7.2543,7.5461,4.2326,4.5135,5.5159,5.8029,6.8103,6.9927,3.499,3.8024,5.902,5.9059,3.7058,3.2781,2.0955,2.2664
Casanare,Llanos-Orinoquía,5.0294,5.0763,16,17,-1,5.7434,5.6617,5.654,5.178,3.7252,3.7978,4.4298,4.6549,6.8447,6.8837,7.4819,7.8326,3.719,3.2101,5.9724,7.2538,7.4281,7.5343,3.7247,3.8227,5.69,5.5544,3.5725,2.9417,1.3964,1.6658
Magdalena,Caribe,4.9159,5.0645,18,18,0,5.9293,6.1494,4.8723,4.8262,3.8119,3.9544,3.7887,4.5015,6.4486,6.5101,5.3721,5.5532,4.2669,4.1074,5.4022,5.1312,5.0234,5.142,2.7464,3.7216,5.8293,6.0278,8.1329,8.2592,2.2826,1.9548
Cauca,Pacífico,4.906,4.9445,19,19,0,4.3609,4.0685,4.9115,4.717,4.3705,4.3864,5.9504,6.5535,6.2062,6.349,5.7579,5.8341,3.6843,3.6505,4.6639,4.676,4.9006,5.1261,2.22,2.2521,5.495,5.5508,8.8782,8.7335,2.3787,2.3814
Cesar,Caribe,4.824,4.8258,20,20,0,5.5452,5.4167,5.2601,5.3565,4.0059,4.3306,4.4709,4.3275,6.9958,6.6335,5.9287,6.0285,3.6623,3.5145,4.7898,4.8698,5.2728,5.7796,2.897,2.9655,6.8568,6.6457,4.9488,5.1282,2.078,1.7388
Nariño,Pacífico,4.7811,4.7465,21,21,0,4.9319,5.0354,4.6281,4.3537,3.4084,3.6804,5.8776,6.3547,6.3896,6.2903,6.8293,6.6968,3.5359,3.641,4.9541,4.8185,5.3793,5.5158,2.8187,2.9562,5.2506,5.3445,6.242,4.9847,1.9091,2.0319
Córdoba,Caribe,4.563,4.7172,22,22,0,4.6259,5.333,4.5708,4.6352,3.2653,3.386,4.4295,5.0988,6.541,6.3143,6.3812,6.5171,3.4931,4.3403,4.6726,4.7513,4.8155,4.6867,2.1617,2.1943,5.6295,5.6241,6.3937,6.4978,2.3388,1.9451
Caquetá,Amazonía,4.249,4.571,25,23,2,4.8434,5.0223,4.6491,4.5562,4.0186,3.9113,5.0053,4.9307,6.0952,6.7122,5.8353,6.226,2.6129,3.1735,2.7109,4.0061,5.0571,5.5275,4.0525,4.3236,3.7802,3.7904,4.6936,5.3449,1.8828,1.8977
Sucre,Caribe,4.4198,4.4482,23,24,-1,5.4823,5.2053,4.6056,4.7039,3.3515,3.7774,4.9771,5.0529,6.9929,6.894,6.4721,6.5194,3.3226,3.3642,4.5651,4.1869,4.5782,4.3869,2.6298,2.7211,5.5374,5.348,2.7522,3.4254,2.1908,2.2405
Arauca,Llanos-Orinoquía,4.2498,4.389,24,25,-1,4.379,3.9696,4.1345,4.5773,1.9393,2.4412,4.3346,4.3455,6.662,6.8213,6.7861,6.6771,3.0004,3.0372,3.5703,4.1882,4.0138,5.3748,3.7769,4.1069,3.9566,4.1231,7.9134,7.182,0.7806,0.2125
La Guajira,Caribe,4.2172,4.3733,26,26,0,4.8283,5.3829,4.7156,4.6671,2.8501,3.1539,5.5483,6.3755,5.3952,4.9927,5.2249,5.3937,2.2388,3.0369,4.1013,3.9959,4.4397,4.4509,1.7585,2.0245,6.9929,6.4685,4.612,4.8151,2.1181,2.0948
Putumayo,Amazonía,3.8348,3.9624,27,27,0,4.3972,4.7143,3.7924,3.7214,2.3687,3.3977,6.388,6.1405,6.4972,6.108,6.2255,6.1082,2.0302,2.093,4.1024,4.4949,4.0648,4.852,2.1963,2.4291,4.2773,4.4859,2.9189,2.4835,0.5931,0.4831
Guaviare,Amazonía,3.8276,3.8007,28,28,0,5.6392,4.4055,4.1935,3.7939,3.0236,2.9601,4.7496,4.809,6.2599,5.9846,5.1948,5.4388,2.208,2.4971,6.1151,5.3793,7.1971,7.5269,4.0456,4.399,1.0431,2.1304,0,0,0.0894,0.0839
Chocó,Pacífico,3.6883,3.6984,29,29,0,4.1503,4.5818,2.8125,2.727,2.0236,2.2923,7.179,7.2609,3.6186,3.7014,3.7631,3.9424,1.2588,1.2691,4.2116,3.2564,4.7324,4.7337,1.4299,1.4783,4.2389,4.2637,6.5641,7.1271,1.9655,1.4457
Amazonas,Amazonía,3.4259,3.4283,30,30,0,5.2441,5.3284,2.7867,2.9319,1.715,1.9057,4.6396,4.1911,4.7419,5.2199,3.5062,3.6978,2.7074,2.8261,4.6546,4.7019,6.7145,6.7399,1.6158,1.9687,2.4307,2.3449,0.5924,0,3.1882,2.7119
Guainía,Amazonía,2.8851,3.3451,32,31,1,6.2578,6.1471,1.918,2.0502,1.8946,1.835,4.9451,4.7091,3.6758,5.389,2.8614,3.1543,1.6143,1.8813,3.6282,3.7643,5.1859,5.6334,1.9446,1.966,2.0699,2.1449,0.476,3.7826,1.0343,1.0298
Vichada,Llanos-Orinoquía,2.569,2.9156,33,32,1,5.0417,5.1945,1.388,1.5174,0.9278,1.2131,4.9051,5.3743,5.4474,4.2209,2.6809,2.5986,2.0892,2.139,3.6274,3.4939,5.2244,6.4935,1.1294,1.1229,0.916,2.3239,0,1.6313,0.0199,0.5795
Vaupés,Amazonía,3.3759,2.8085,31,33,-2,5.96,5.9553,2.8547,2.7497,0.8102,0.9718,4.4454,4.886,4.8585,3.8806,2.3714,2.2206,0.7954,1.7977,4.5154,3.3342,6.653,6.8862,1.8791,1.982,1.8051,1.7933,6.336,0,0.6031,0.0524